{
    "test_recon_loss": 0.011188780888915062,
    "test_miou": 0.9451922558148702,
    "test_ssim": 0.8802085350354513
}