{
    "MSE": [
        0.0061704847030341625,
        0.008320392109453678,
        0.012441066093742847,
        0.01417519710958004,
        0.0170449186116457,
        0.018163660541176796,
        0.019798841327428818,
        0.020446665585041046,
        0.021730219945311546,
        0.022353529930114746
    ],
    "MIOU": [
        0.9086962938308716,
        0.8842522501945496,
        0.8376307487487793,
        0.8193462491035461,
        0.7878267168998718,
        0.7755943536758423,
        0.757696270942688,
        0.7490307092666626,
        0.7351301908493042,
        0.7267194390296936
    ],
    "SSIM": [
        0.8502252697944641,
        0.8183379173278809,
        0.8028613924980164,
        0.7782901525497437,
        0.7767794728279114,
        0.7571369409561157,
        0.7630996108055115,
        0.7464808821678162,
        0.7545387148857117,
        0.7381353378295898
    ]
}