{
    "MSE": [
        0.006884879432618618,
        0.009047274477779865,
        0.013228100724518299,
        0.015046505257487297,
        0.01799849048256874,
        0.019164033234119415,
        0.020918715745210648,
        0.021634992212057114,
        0.0230998657643795,
        0.023792602121829987
    ],
    "MIOU": [
        0.8931878209114075,
        0.8684486150741577,
        0.820177435874939,
        0.8000011444091797,
        0.7677904963493347,
        0.7537888884544373,
        0.7347558736801147,
        0.7241212129592896,
        0.7087364792823792,
        0.6986068487167358
    ],
    "SSIM": [
        0.8459312319755554,
        0.8113449215888977,
        0.8011711239814758,
        0.7726126909255981,
        0.7754272222518921,
        0.7519564032554626,
        0.7628704309463501,
        0.7417042255401611,
        0.7543848752975464,
        0.7337073087692261
    ]
}