{
    "MSE": [
        0.006119869649410248,
        0.00861995480954647,
        0.012245256453752518,
        0.014396807178854942,
        0.01669425517320633,
        0.018281983211636543,
        0.019667576998472214,
        0.020866720005869865,
        0.021933946758508682,
        0.023028571158647537
    ],
    "MIOU": [
        0.9019721746444702,
        0.8735343813896179,
        0.8323930501937866,
        0.8088150024414062,
        0.7838565707206726,
        0.7659610509872437,
        0.7509100437164307,
        0.7366909980773926,
        0.7248185276985168,
        0.7118900418281555
    ],
    "SSIM": [
        0.8155539631843567,
        0.7715128660202026,
        0.7706953287124634,
        0.7340885400772095,
        0.7464593052864075,
        0.7147072553634644,
        0.7340664863586426,
        0.7045966982841492,
        0.7258555889129639,
        0.6968532204627991
    ]
}