{
    "MSE": [
        0.006882045418024063,
        0.008951065130531788,
        0.01306499820202589,
        0.014698219485580921,
        0.01754862442612648,
        0.018588049337267876,
        0.020212892442941666,
        0.020827168598771095,
        0.022184858098626137,
        0.02278858795762062
    ],
    "MIOU": [
        0.8930398225784302,
        0.8699017763137817,
        0.8227173089981079,
        0.8044851422309875,
        0.7733057737350464,
        0.7604323029518127,
        0.7428902983665466,
        0.7334287166595459,
        0.7190505266189575,
        0.7099500894546509
    ],
    "SSIM": [
        0.8454979658126831,
        0.811561107635498,
        0.8011319041252136,
        0.7733873128890991,
        0.7769365310668945,
        0.7539962530136108,
        0.7652302384376526,
        0.7449249625205994,
        0.7578110098838806,
        0.7375604510307312
    ]
}