{
  "test_recon_loss": 0.007988933,
  "test_miou": 0.9609232764830564,
  "test_ssim": 0.8898137948092293
}