{
    "test_recon_loss": 0.00969321746379137,
    "test_miou": 0.9494366685357686,
    "test_ssim": 0.8492258600216579
}