{
    "MSE": [
        0.006002177018672228,
        0.00826285220682621,
        0.012265946716070175,
        0.014056995511054993,
        0.01686570979654789,
        0.018045425415039062,
        0.01966986060142517,
        0.02035415731370449,
        0.021678900346159935,
        0.022391941398382187
    ],
    "MIOU": [
        0.9106284379959106,
        0.8849760890007019,
        0.8391950726509094,
        0.8202873468399048,
        0.789253294467926,
        0.7761987447738647,
        0.7580834031105042,
        0.7487199902534485,
        0.7339687347412109,
        0.7244331240653992
    ],
    "SSIM": [
        0.8511849641799927,
        0.8183869123458862,
        0.803399384021759,
        0.778210461139679,
        0.7771868705749512,
        0.7570598721504211,
        0.7636096477508545,
        0.7460657954216003,
        0.75428307056427,
        0.7369786500930786
    ]
}